City_ID,City,Country,Date,Lat,Lng,Max Temp,Humidity,Cloudiness,Wind Speed,Current Description
0,Salalah,OM,2022-08-10 16:30:52,17.0151,54.0924,77.09,100,100,8.05,light intensity drizzle
1,Arraial Do Cabo,BR,2022-08-10 16:30:14,-22.9661,-42.0278,73.26,83,100,10.36,light rain
2,Tuktoyaktuk,CA,2022-08-10 16:30:40,69.4541,-133.0374,43.81,88,100,24.02,light rain
3,Kodiak,US,2022-08-10 16:30:01,57.79,-152.4072,54.91,88,100,6.91,overcast clouds
4,Punta Arenas,CL,2022-08-10 16:38:55,-53.15,-70.9167,44.71,76,0,11.5,clear sky
5,Primorsk,UA,2022-08-10 16:38:55,46.7348,36.3443,87.24,30,70,13.38,broken clouds
6,Sovetskiy,RU,2022-08-10 16:38:56,61.3614,63.5842,66.99,50,66,8.23,broken clouds
7,Hobart,AU,2022-08-10 16:38:56,-42.8794,147.3294,43.27,79,100,6.91,overcast clouds
8,Rikitea,PF,2022-08-10 16:38:57,-23.1203,-134.9692,73.11,80,92,24.18,light rain
9,Cidreira,BR,2022-08-10 16:38:57,-30.1811,-50.2056,62.02,62,75,12.53,broken clouds
10,Pedernales,DO,2022-08-10 16:38:58,18.0384,-71.744,87.42,58,4,8.61,clear sky
11,Makakilo City,US,2022-08-10 16:38:58,21.3469,-158.0858,77.32,67,0,23.02,clear sky
12,Albany,US,2022-08-10 16:38:59,42.6001,-73.9662,75.67,67,58,4.41,broken clouds
13,Hamilton,US,2022-08-10 16:38:59,39.1834,-84.5333,81.25,82,100,5.75,overcast clouds
14,Straumen,NO,2022-08-10 16:39:00,63.8709,11.2999,73.4,72,99,1.5,overcast clouds
15,Avarua,CK,2022-08-10 16:39:00,-21.2078,-159.775,69.85,83,6,3.44,clear sky
16,Fairbanks,US,2022-08-10 16:39:01,64.8378,-147.7164,47.08,86,0,3.44,clear sky
17,Severo-Kurilsk,RU,2022-08-10 16:39:01,50.6789,156.125,54.57,95,97,11.01,overcast clouds
18,Karachi,PK,2022-08-10 16:36:03,24.9056,67.0822,82.22,89,75,3.44,drizzle
19,Karema,TZ,2022-08-10 16:37:23,-6.8205,30.4389,73.94,53,16,3.62,few clouds
20,Hithadhoo,MV,2022-08-10 16:39:02,-0.6,73.0833,82.24,72,66,7.05,broken clouds
21,Qaanaaq,GL,2022-08-10 16:39:02,77.484,-69.3632,37.53,64,3,4.03,clear sky
22,Roma,US,2022-08-10 16:34:56,43.2128,-75.4557,72.95,74,100,3.44,overcast clouds
23,Cape Town,ZA,2022-08-10 16:37:59,-33.9258,18.4232,57.88,92,75,16.11,broken clouds
24,Ushuaia,AR,2022-08-10 16:39:04,-54.8,-68.3,46.02,81,0,2.3,clear sky
25,Bezenchuk,RU,2022-08-10 16:39:05,52.982,49.4333,75.04,53,51,7.85,broken clouds
26,Chumikan,RU,2022-08-10 16:39:05,54.7183,135.315,53.2,96,100,8.12,overcast clouds
27,Saint Anthony,US,2022-08-10 16:39:06,45.0205,-93.218,82.92,63,20,12.66,few clouds
28,Ahipara,NZ,2022-08-10 16:39:06,-35.1667,173.1667,48.7,88,93,6.8,overcast clouds
29,Busselton,AU,2022-08-10 16:39:07,-33.65,115.3333,50.59,83,11,5.26,few clouds
30,Bluff,NZ,2022-08-10 16:39:08,-46.6,168.3333,44.8,67,100,8.28,overcast clouds
31,Skhisma,GR,2022-08-10 16:39:08,35.2667,25.7167,83.84,71,0,17.78,clear sky
32,Constitucion,CL,2022-08-10 16:39:09,-35.3333,-72.4167,56.88,58,0,9.35,clear sky
33,Komsomolskiy,UZ,2022-08-10 16:39:09,40.4272,71.7189,84.92,39,27,2.3,scattered clouds
34,Namatanai,PG,2022-08-10 16:39:10,-3.6667,152.4333,78.26,85,100,5.44,light rain
35,Serov,RU,2022-08-10 16:39:10,59.6033,60.5787,63.82,95,67,3.56,light rain
36,Tiznit,MA,2022-08-10 16:39:11,29.5833,-9.5,78.51,50,0,8.34,clear sky
37,Praia Da Vitoria,PT,2022-08-10 16:39:11,38.7333,-27.0667,77.25,65,20,9.51,few clouds
38,Pevek,RU,2022-08-10 16:39:12,69.7008,170.3133,34.93,97,63,2.19,broken clouds
39,Brandon,US,2022-08-10 16:38:50,27.9378,-82.2859,92.19,73,40,8.05,scattered clouds
40,Mosquera,CO,2022-08-10 16:38:10,4.7059,-74.2302,59.09,72,75,13.8,broken clouds
41,Yellowknife,CA,2022-08-10 16:37:49,62.456,-114.3525,59.56,82,100,13.0,overcast clouds
42,Mataura,NZ,2022-08-10 16:39:14,-46.1927,168.8643,44.47,94,98,1.66,overcast clouds
43,Saint-Philippe,RE,2022-08-10 16:39:15,-21.3585,55.7679,67.59,78,62,16.15,broken clouds
44,Mwingi,KE,2022-08-10 16:39:15,-0.9344,38.0601,68.83,67,98,12.12,overcast clouds
45,Te Anau,NZ,2022-08-10 16:39:16,-45.4167,167.7167,35.37,94,89,3.8,overcast clouds
46,Vaini,TO,2022-08-10 16:39:16,-21.2,-175.2,77.16,94,40,10.36,scattered clouds
47,Ponta Do Sol,PT,2022-08-10 16:39:17,32.6667,-17.1,77.13,68,31,6.71,scattered clouds
48,Gat,IL,2022-08-10 16:39:18,31.61,34.7642,83.8,100,0,9.75,clear sky
49,Mount Isa,AU,2022-08-10 16:39:18,-20.7333,139.5,47.97,53,0,0.0,clear sky
50,Laguna,US,2022-08-10 16:39:19,38.421,-121.4238,74.95,67,0,4.0,clear sky
51,Oktyabrskoye,RU,2022-08-10 16:39:20,43.0645,44.7417,75.34,65,1,4.47,light rain
52,Gushikawa,JP,2022-08-10 16:39:20,26.3544,127.8686,83.43,87,0,4.61,haze
53,Georgetown,MY,2022-08-10 16:37:48,5.4112,100.3354,82.89,81,20,3.44,few clouds
54,Inuvik,CA,2022-08-10 16:39:22,68.3499,-133.7218,46.56,73,89,10.0,overcast clouds
55,Rawson,AR,2022-08-10 16:34:32,-43.3002,-65.1023,55.63,42,100,7.23,overcast clouds
56,Kimbe,PG,2022-08-10 16:36:15,-5.5502,150.1429,74.34,93,96,3.89,overcast clouds
57,Santa Rosalia,MX,2022-08-10 16:39:23,27.3167,-112.2833,86.92,55,97,3.31,overcast clouds
58,Hofn,IS,2022-08-10 16:39:23,64.2539,-15.2082,62.62,45,20,18.41,haze
59,Khatanga,RU,2022-08-10 16:39:24,71.9667,102.5,45.21,72,93,12.55,overcast clouds
60,Bathsheba,BB,2022-08-10 16:34:38,13.2167,-59.5167,88.41,70,20,11.5,few clouds
61,Salisbury,GB,2022-08-10 16:39:31,51.0693,-1.7957,89.8,31,0,8.05,clear sky
62,Okha,RU,2022-08-10 16:39:32,53.5739,142.9478,56.95,89,99,5.66,overcast clouds
63,Henties Bay,NA,2022-08-10 16:39:32,-22.116,14.2845,55.27,89,18,7.29,few clouds
64,Barkhan,PK,2022-08-10 16:39:33,29.8977,69.5256,86.49,52,41,8.68,scattered clouds
65,San Carlos De Bariloche,AR,2022-08-10 16:37:08,-41.1456,-71.3082,40.44,54,100,0.0,fog
66,Poum,NC,2022-08-10 16:39:34,-20.2333,164.0167,69.57,57,0,22.26,clear sky
67,Muzhi,RU,2022-08-10 16:39:34,65.3667,64.6667,52.93,61,40,3.58,scattered clouds
68,Puerto Escondido,MX,2022-08-10 16:38:00,15.85,-97.0667,85.03,70,75,5.75,broken clouds
69,Ayan,RU,2022-08-10 16:39:35,56.45,138.1667,55.02,96,100,6.55,overcast clouds
70,Kavaratti,IN,2022-08-10 16:39:36,10.5669,72.642,81.72,82,80,22.5,broken clouds
71,Port Alfred,ZA,2022-08-10 16:39:36,-33.5906,26.891,62.44,81,84,7.4,broken clouds
72,Avera,US,2022-08-10 16:39:37,33.194,-82.5271,83.55,49,100,9.86,overcast clouds
73,Santa Cruz,BO,2022-08-10 16:39:38,-17.8,-63.1667,68.05,40,0,14.97,clear sky
74,Reykjavik,IS,2022-08-10 16:39:38,64.1355,-21.8954,51.82,76,75,9.22,broken clouds
75,Solnechnyy,RU,2022-08-10 16:39:39,50.7214,136.6319,55.6,96,100,5.12,moderate rain
76,Ilulissat,GL,2022-08-10 16:39:39,69.2167,-51.1,42.82,93,100,6.91,light intensity drizzle rain
77,Tiksi,RU,2022-08-10 16:39:40,71.6872,128.8694,49.5,91,100,4.94,overcast clouds
78,Hermanus,ZA,2022-08-10 16:39:40,-34.4187,19.2345,57.79,88,100,9.28,overcast clouds
79,Flin Flon,CA,2022-08-10 16:38:43,54.7682,-101.865,68.2,38,8,1.99,clear sky
80,Longyearbyen,SJ,2022-08-10 16:39:41,78.2186,15.6401,48.04,81,75,2.3,light intensity drizzle rain
81,Plettenberg Bay,ZA,2022-08-10 16:39:42,-34.0527,23.3716,56.98,90,93,4.14,overcast clouds
82,Ziyang,CN,2022-08-10 16:39:42,29.2497,117.8547,76.42,91,97,3.06,overcast clouds
83,Jamestown,US,2022-08-10 16:34:43,42.097,-79.2353,78.03,52,75,5.75,broken clouds
84,Hukuntsi,BW,2022-08-10 16:39:43,-24.0,21.75,70.68,11,0,9.08,clear sky
85,Victoria,HK,2022-08-10 16:37:32,22.2855,114.1577,81.32,90,100,11.99,overcast clouds
86,Mao,ES,2022-08-10 16:39:45,39.8885,4.2658,90.16,37,0,6.91,clear sky
87,Grindavik,IS,2022-08-10 16:39:45,63.8424,-22.4338,51.75,87,75,16.11,broken clouds
88,Kuah,MY,2022-08-10 16:39:45,6.3265,99.8432,80.58,83,20,2.3,few clouds
89,Puerto Ayora,EC,2022-08-10 16:39:46,-0.7393,-90.3518,78.76,85,91,8.01,overcast clouds
90,Rincon,US,2022-08-10 16:39:47,32.296,-81.2354,88.95,62,100,8.05,overcast clouds
91,Camacha,PT,2022-08-10 16:39:47,33.0833,-16.3333,72.82,64,20,16.11,few clouds
92,Thompson,CA,2022-08-10 16:39:48,55.7435,-97.8558,68.92,38,0,5.17,clear sky
93,Najran,SA,2022-08-10 16:39:49,17.4924,44.1277,93.85,29,90,6.35,overcast clouds
94,Verin,ES,2022-08-10 16:39:49,41.9415,-7.4381,87.57,28,12,4.94,light rain
95,Sindor,RU,2022-08-10 16:39:50,62.8629,51.8905,53.78,87,100,7.63,overcast clouds
96,Port Hedland,AU,2022-08-10 16:39:51,-20.3167,118.5667,59.05,67,40,8.05,scattered clouds
97,Catuday,PH,2022-08-10 16:39:51,16.2923,119.8062,78.01,83,100,4.14,light rain
98,Batagay,RU,2022-08-10 16:39:52,67.6333,134.6333,55.06,73,0,1.81,clear sky
99,Hilo,US,2022-08-10 16:39:52,19.7297,-155.09,83.28,90,75,9.22,light rain
100,Paradise Valley,US,2022-08-10 16:36:40,33.5312,-111.9427,95.67,45,0,3.44,clear sky
101,Yokadouma,CM,2022-08-10 16:39:53,3.5167,15.05,75.78,78,100,2.75,light rain
102,Vila Velha,BR,2022-08-10 16:38:02,-20.3297,-40.2925,85.95,56,0,13.8,clear sky
103,Riyadh,SA,2022-08-10 16:35:10,24.6877,46.7219,107.74,10,69,10.71,broken clouds
104,Hare Bay,CA,2022-08-10 16:39:54,48.8499,-54.0148,59.4,72,99,8.39,overcast clouds
105,Hasaki,JP,2022-08-10 16:39:54,35.7333,140.8333,79.29,90,100,16.15,overcast clouds
106,Chokurdakh,RU,2022-08-10 16:39:55,70.6333,147.9167,53.22,69,0,9.15,clear sky
107,East London,ZA,2022-08-10 16:38:33,-33.0153,27.9116,58.14,88,0,6.91,clear sky
108,Fortuna,US,2022-08-10 16:39:55,40.5982,-124.1573,73.92,73,0,3.44,clear sky
109,Abu Samrah,SY,2022-08-10 16:39:56,35.3029,37.1841,80.2,48,0,17.45,clear sky
110,Lasa,IT,2022-08-10 16:39:57,46.6166,10.7002,77.88,73,90,2.3,overcast clouds
111,Worland,US,2022-08-10 16:36:43,44.0169,-107.9554,87.67,29,0,3.44,clear sky
112,Mahanoro,MG,2022-08-10 16:39:58,-19.9,48.8,66.78,79,100,6.29,light rain
113,Kanata,CA,2022-08-10 16:39:58,45.3159,-75.8985,76.62,67,17,3.0,few clouds
114,Chuy,UY,2022-08-10 16:39:59,-33.6971,-53.4616,56.23,60,7,7.54,clear sky
115,Hovd,MN,2022-08-10 16:40:00,48.0056,91.6419,70.23,35,100,3.71,overcast clouds
116,Mahebourg,MU,2022-08-10 16:40:00,-20.4081,57.7,70.25,60,75,18.41,broken clouds
117,Atar,MR,2022-08-10 16:40:01,20.5169,-13.0499,108.28,6,8,19.62,clear sky
118,Carnarvon,AU,2022-08-10 16:40:01,-24.8667,113.6333,59.92,49,0,16.46,clear sky
119,Kapaa,US,2022-08-10 16:40:02,22.0752,-159.319,77.11,88,75,13.8,light rain
120,De-Kastri,RU,2022-08-10 16:40:03,51.4667,140.7833,57.49,91,80,5.08,broken clouds
121,Atuona,PF,2022-08-10 16:40:03,-9.8,-139.0333,77.56,75,31,22.1,scattered clouds
122,Isangel,VU,2022-08-10 16:40:03,-19.55,169.2667,69.53,57,67,14.41,broken clouds
123,Los Llanos De Aridane,ES,2022-08-10 16:40:04,28.6585,-17.9182,73.15,78,75,10.36,broken clouds
124,Butaritari,KI,2022-08-10 16:40:04,3.0707,172.7902,81.01,79,99,15.79,light rain
125,Clyde River,CA,2022-08-10 16:40:05,70.4692,-68.5914,44.71,63,52,2.13,broken clouds
126,Carballo,ES,2022-08-10 16:40:05,43.213,-8.691,83.62,82,61,3.27,broken clouds
127,Katobu,ID,2022-08-10 16:40:06,-4.9408,122.5276,73.17,96,99,3.58,overcast clouds
128,Zeya,RU,2022-08-10 16:40:06,53.75,127.2667,52.52,95,99,3.4,overcast clouds
129,Faanui,PF,2022-08-10 16:40:07,-16.4833,-151.75,75.52,75,0,4.72,light rain
130,Asfi,MA,2022-08-10 16:40:07,32.2994,-9.2372,73.0,73,4,14.2,clear sky
131,Asyut,EG,2022-08-10 16:40:08,27.181,31.1837,96.98,20,0,11.12,clear sky
132,Port Elizabeth,ZA,2022-08-10 16:40:09,-33.918,25.5701,59.31,87,0,9.22,clear sky
133,Potosi,BO,2022-08-10 16:40:09,-19.5836,-65.7531,52.66,35,1,6.91,clear sky
134,Peace River,CA,2022-08-10 16:40:10,56.2501,-117.286,70.32,70,0,7.94,clear sky
135,Petropavlovsk-Kamchatskiy,RU,2022-08-10 16:40:10,53.0452,158.6483,52.39,100,75,2.24,broken clouds
136,Kaitangata,NZ,2022-08-10 16:40:11,-46.2817,169.8464,36.82,84,96,2.17,overcast clouds
137,Kruisfontein,ZA,2022-08-10 16:40:11,-34.0033,24.7314,55.42,86,99,4.79,overcast clouds
138,Bredasdorp,ZA,2022-08-10 16:40:12,-34.5322,20.0403,54.95,92,100,7.09,overcast clouds
139,Kasempa,ZM,2022-08-10 16:40:12,-13.4584,25.8338,68.14,21,1,4.59,clear sky
140,Ekibastuz,KZ,2022-08-10 16:40:13,51.6667,75.3667,61.75,92,94,7.27,heavy intensity rain
141,Buala,SB,2022-08-10 16:40:14,-8.145,159.5921,78.22,82,79,2.68,light rain
142,Lavrentiya,RU,2022-08-10 16:40:14,65.5833,-171.0,47.01,72,91,7.02,overcast clouds
143,Faya,SA,2022-08-10 16:40:15,18.3851,42.4509,69.91,83,98,8.55,overcast clouds
144,Dikson,RU,2022-08-10 16:40:15,73.5069,80.5464,41.52,96,100,9.64,overcast clouds
145,Upington,ZA,2022-08-10 16:40:16,-28.4478,21.2561,75.58,15,0,4.61,clear sky
146,Pacific Grove,US,2022-08-10 16:40:17,36.6177,-121.9166,70.34,77,0,10.0,clear sky
147,Lompoc,US,2022-08-10 16:40:18,34.6391,-120.4579,76.84,93,100,3.44,mist
148,Nampula,MZ,2022-08-10 16:40:18,-15.1165,39.2666,75.15,57,40,10.36,scattered clouds
149,Galesong,ID,2022-08-10 16:40:19,-5.3166,119.3661,77.02,87,100,6.42,overcast clouds
150,Jaciara,BR,2022-08-10 16:39:19,-15.9653,-54.9683,71.26,36,100,10.31,overcast clouds
151,Bestobe,KZ,2022-08-10 16:40:20,52.4994,73.0975,65.93,62,88,8.37,overcast clouds
152,Zhanaozen,KZ,2022-08-10 16:40:20,43.3,52.8,87.67,20,0,11.43,clear sky
153,Road Town,VG,2022-08-10 16:39:47,18.4167,-64.6167,89.69,66,20,11.5,few clouds
154,Tura,IN,2022-08-10 16:40:21,25.5198,90.2201,74.89,89,41,6.2,scattered clouds
155,Sayyan,YE,2022-08-10 16:37:15,15.1718,44.3244,66.31,60,98,9.37,overcast clouds
156,Katsuura,JP,2022-08-10 16:40:22,35.1333,140.3,80.47,90,98,12.84,overcast clouds
157,Rio Cuarto,AR,2022-08-10 16:40:22,-33.1307,-64.3499,59.32,51,40,29.93,scattered clouds
158,Eyl,SO,2022-08-10 16:40:23,7.9803,49.8164,77.77,79,99,26.78,overcast clouds
159,Cabo San Lucas,MX,2022-08-10 16:40:23,22.8909,-109.9124,92.61,65,0,4.61,clear sky
160,Summerside,CA,2022-08-10 16:40:24,46.3959,-63.7876,64.47,80,98,3.4,overcast clouds
161,Port Blair,IN,2022-08-10 16:40:25,11.6667,92.75,81.16,83,100,13.73,overcast clouds
162,Saint-Louis,SN,2022-08-10 16:40:25,16.3333,-15.0,101.84,31,72,12.59,broken clouds
163,Vestmannaeyjar,IS,2022-08-10 16:40:26,63.4427,-20.2734,52.79,87,75,12.66,broken clouds
164,Rivadavia,AR,2022-08-10 16:40:27,-33.1905,-68.4608,57.6,31,3,13.11,clear sky
165,Alofi,NU,2022-08-10 16:40:27,-19.0595,-169.9187,64.29,94,11,2.3,few clouds
166,Port Augusta,AU,2022-08-10 16:40:28,-32.5,137.7667,53.22,62,100,7.36,overcast clouds
167,Green River,US,2022-08-10 16:40:28,41.5286,-109.4662,83.19,15,5,2.98,clear sky
168,Lagunas,PE,2022-08-10 16:40:29,-5.2269,-75.6753,80.08,87,76,4.74,broken clouds
169,Andros Town,BS,2022-08-10 16:40:29,24.7,-77.7667,87.76,68,17,14.52,few clouds
170,Douentza,ML,2022-08-10 16:40:30,14.9951,-2.9517,93.69,40,74,4.34,broken clouds
171,Coihaique,CL,2022-08-10 16:40:31,-45.5752,-72.0662,47.01,76,100,3.44,overcast clouds
172,Soe,ID,2022-08-10 16:40:31,-9.8607,124.284,64.35,88,66,5.7,broken clouds
173,Nikolskoye,RU,2022-08-10 16:40:32,59.7035,30.7861,69.69,67,10,4.36,clear sky
174,Yerbogachen,RU,2022-08-10 16:40:33,61.2767,108.0108,55.58,80,100,3.36,overcast clouds
175,Opunake,NZ,2022-08-10 16:40:34,-39.4556,173.8583,40.62,77,41,14.25,scattered clouds
176,Codrington,AU,2022-08-10 16:40:34,-38.2667,141.9667,47.43,89,100,18.88,light rain
177,Pingliang,CN,2022-08-10 16:40:35,35.5392,106.6861,74.43,72,55,4.36,broken clouds
178,Kavieng,PG,2022-08-10 16:40:35,-2.5744,150.7967,79.18,77,100,0.43,overcast clouds
179,Kahului,US,2022-08-10 16:40:36,20.8947,-156.47,80.83,68,0,21.0,clear sky
180,Aleksandrovskiy Zavod,RU,2022-08-10 16:40:37,50.9237,117.9374,51.98,85,100,4.23,light rain
181,At-Bashi,KG,2022-08-10 16:40:37,41.1702,75.8106,60.17,50,42,3.29,scattered clouds
182,Saskylakh,RU,2022-08-10 16:40:38,71.9167,114.0833,49.57,71,81,7.38,broken clouds
183,Cockburn Town,TC,2022-08-10 16:40:39,21.4612,-71.1419,81.5,77,5,16.71,clear sky
184,Abu Dhabi,AE,2022-08-10 16:36:28,24.4667,54.3667,95.11,77,39,6.91,scattered clouds
185,Torbay,CA,2022-08-10 16:40:39,47.6666,-52.7314,60.58,85,100,17.0,overcast clouds
186,Rio Grande,BR,2022-08-10 16:40:40,-32.035,-52.0986,64.51,70,77,13.38,broken clouds
187,Shache,CN,2022-08-10 16:37:13,38.4167,77.2406,86.72,50,91,10.0,overcast clouds
188,General Teran,MX,2022-08-10 16:40:40,25.2667,-99.6833,93.04,36,13,6.82,few clouds
189,Ancud,CL,2022-08-10 16:40:41,-41.8697,-73.8203,51.22,82,100,10.6,overcast clouds
190,Husavik,IS,2022-08-10 16:40:41,66.0449,-17.3389,46.33,87,94,15.46,overcast clouds
191,Mar Del Plata,AR,2022-08-10 16:40:42,-38.0023,-57.5575,57.94,56,40,13.8,scattered clouds
192,Baft,IR,2022-08-10 16:40:42,29.234,56.6057,82.24,20,54,0.47,broken clouds
193,Pisco,PE,2022-08-10 16:40:43,-13.7,-76.2167,62.02,82,100,8.05,mist
194,Sao Filipe,CV,2022-08-10 16:40:44,14.8961,-24.4956,78.98,85,60,6.53,broken clouds
195,Pueblo Nuevo Solistahuacan,MX,2022-08-10 16:40:44,17.1,-92.8833,71.01,62,76,3.94,broken clouds
196,Langenburg,DE,2022-08-10 16:40:45,49.2544,9.8458,83.68,24,0,11.5,clear sky
197,Olafsvik,IS,2022-08-10 16:40:45,64.8945,-23.7142,48.63,79,82,9.04,broken clouds
198,Yulara,AU,2022-08-10 16:40:46,-25.2406,130.9889,53.24,79,100,7.87,overcast clouds
199,Viedma,AR,2022-08-10 16:40:46,-40.8135,-62.9967,60.75,37,71,23.58,broken clouds
200,Monte Escobedo,MX,2022-08-10 16:40:47,22.3,-103.5833,67.93,46,40,5.91,scattered clouds
201,Esperance,AU,2022-08-10 16:40:48,-33.8667,121.9,57.16,67,96,22.1,overcast clouds
202,Namwala,ZM,2022-08-10 16:40:48,-15.7504,26.4384,72.45,22,0,3.65,clear sky
203,Ucluelet,CA,2022-08-10 16:40:49,48.9329,-125.5528,62.1,93,92,7.14,overcast clouds
204,Bethel,US,2022-08-10 16:40:50,41.3712,-73.414,83.89,57,40,8.05,scattered clouds
205,Tecoanapa,MX,2022-08-10 16:40:51,16.5167,-98.75,84.52,67,100,4.59,overcast clouds
206,Milazzo,IT,2022-08-10 16:40:51,38.2212,15.2383,85.26,69,61,8.99,broken clouds
207,Teya,RU,2022-08-10 16:40:51,60.3778,92.6267,59.23,98,87,3.06,moderate rain
208,Taltal,CL,2022-08-10 16:40:52,-25.4,-70.4833,64.04,61,23,3.49,few clouds
209,Mae Sai,TH,2022-08-10 16:40:53,20.4335,99.8762,72.09,98,98,2.55,light rain
210,General Mamerto Natividad,PH,2022-08-10 16:40:53,15.6025,121.0515,75.63,92,98,2.3,overcast clouds
211,Arman,RU,2022-08-10 16:40:54,59.7,150.1667,57.02,91,100,4.97,overcast clouds
212,Vienna,AT,2022-08-10 16:38:55,48.2085,16.3721,83.7,36,0,13.0,clear sky
213,Airai,TL,2022-08-10 16:40:55,-8.9266,125.4092,57.43,55,19,2.68,few clouds
214,Castro,BR,2022-08-10 16:40:41,-24.7911,-50.0119,44.74,94,96,13.22,overcast clouds
215,Vyartsilya,RU,2022-08-10 16:40:57,62.1764,30.693,68.61,100,47,4.74,scattered clouds
216,New Norfolk,AU,2022-08-10 16:40:57,-42.7826,147.0587,42.93,74,91,3.22,overcast clouds
217,Upernavik,GL,2022-08-10 16:40:58,72.7868,-56.1549,40.91,83,96,7.38,overcast clouds
218,Vilhena,BR,2022-08-10 16:40:59,-12.7406,-60.1458,73.62,46,0,16.11,clear sky
219,Cardston,CA,2022-08-10 16:41:00,49.2,-113.3019,83.84,24,99,11.39,overcast clouds
220,Tuatapere,NZ,2022-08-10 16:41:00,-46.1333,167.6833,36.91,90,96,3.62,overcast clouds
221,Mercedes,AR,2022-08-10 16:38:36,-34.6515,-59.4307,59.95,47,94,11.43,overcast clouds
222,Pinotepa Nacional,MX,2022-08-10 16:41:01,16.3167,-98.0167,88.48,53,89,4.88,overcast clouds
223,Chipinge,ZW,2022-08-10 16:41:01,-20.1883,32.6236,61.21,67,11,5.12,few clouds
224,Awjilah,LY,2022-08-10 16:41:02,29.1081,21.2869,94.32,22,0,12.57,clear sky
225,Bambous Virieux,MU,2022-08-10 16:41:02,-20.3428,57.7575,70.21,60,75,18.41,broken clouds
226,Louga,RU,2022-08-10 16:41:03,58.7372,29.8453,65.14,59,14,1.63,few clouds
227,Hirara,JP,2022-08-10 16:41:03,24.8,125.2833,84.7,72,1,8.5,clear sky
228,Skelleftea,SE,2022-08-10 16:41:04,64.7507,20.9528,73.0,73,100,11.5,overcast clouds
229,Chadan,RU,2022-08-10 16:41:04,51.2833,91.5833,60.58,66,65,3.49,broken clouds
230,Provideniya,RU,2022-08-10 16:41:05,64.3833,-173.3,49.8,90,99,6.08,overcast clouds
231,Pershotravneve,UA,2022-08-10 16:41:06,51.3929,28.8684,65.88,57,83,5.99,broken clouds
232,Nemuro,JP,2022-08-10 16:41:06,43.3236,145.575,66.06,98,98,13.04,overcast clouds
233,Susanville,US,2022-08-10 16:41:07,40.4163,-120.653,75.9,31,0,9.22,clear sky
234,Razdolnoye,RU,2022-08-10 16:41:07,43.55,131.9167,64.81,93,99,3.58,light rain
235,Balabac,PH,2022-08-10 16:41:08,7.9868,117.0645,80.96,77,96,3.29,overcast clouds
236,Shimanovsk,RU,2022-08-10 16:41:08,52.0,127.7,51.44,96,69,3.87,broken clouds
237,Pozo Colorado,PY,2022-08-10 16:41:08,-23.4923,-58.7972,68.43,41,33,5.48,scattered clouds
238,Progreso,MX,2022-08-10 16:41:09,21.2833,-89.6667,87.12,59,17,5.86,few clouds
239,Tomigusuku,JP,2022-08-10 16:41:09,26.185,127.675,83.97,80,40,4.61,haze
240,Paamiut,GL,2022-08-10 16:41:10,61.994,-49.6678,42.98,89,89,15.46,overcast clouds
241,Klaksvik,FO,2022-08-10 16:41:11,62.2266,-6.589,54.52,83,99,26.96,overcast clouds
242,Pangnirtung,CA,2022-08-10 16:41:11,66.1451,-65.7125,46.9,73,62,4.29,broken clouds
243,Rocha,UY,2022-08-10 16:41:11,-34.4833,-54.3333,57.56,56,1,7.16,clear sky
244,Szczecin,PL,2022-08-10 16:41:12,53.4289,14.553,78.3,43,33,10.0,scattered clouds
245,Kenai,US,2022-08-10 16:40:55,60.5544,-151.2583,55.15,93,0,0.0,clear sky
246,Karasburg,NA,2022-08-10 16:41:12,-28.0167,18.75,65.95,20,64,7.96,broken clouds
247,Beloha,MG,2022-08-10 16:41:13,-25.1667,45.05,71.94,48,47,12.28,scattered clouds
248,Ossora,RU,2022-08-10 16:41:13,59.2353,163.0719,54.81,94,100,14.74,light rain
249,Peterborough,GB,2022-08-10 16:40:44,52.5736,-0.2478,87.57,30,22,5.75,few clouds
250,Gidole,ET,2022-08-10 16:41:14,5.65,37.3667,61.54,56,100,3.06,overcast clouds
251,Vaitape,PF,2022-08-10 16:41:14,-16.5167,-151.75,75.45,75,1,4.68,light rain
252,Tolstoy-Yurt,RU,2022-08-10 16:41:15,43.4444,45.7722,82.72,42,0,20.13,clear sky
253,Bowen,AU,2022-08-10 16:41:16,-20.0167,148.2333,67.15,66,63,14.32,broken clouds
254,Garowe,SO,2022-08-10 16:41:16,8.4054,48.4845,84.43,43,99,21.99,overcast clouds
255,Turukhansk,RU,2022-08-10 16:41:17,65.8167,87.9833,46.81,76,17,8.34,few clouds
256,Yuli,NG,2022-08-10 16:41:17,9.6989,10.2744,81.34,78,93,5.7,light rain
257,Erzin,TR,2022-08-10 16:41:18,36.9559,36.2,77.54,82,73,7.63,broken clouds
258,Awbari,LY,2022-08-10 16:41:18,26.5921,12.7805,98.56,13,0,12.88,clear sky
259,Canandaigua,US,2022-08-10 16:41:19,42.8742,-77.288,77.47,84,75,1.81,broken clouds
260,Port Arthur,CN,2022-08-10 16:41:19,38.8,121.2667,70.02,66,14,6.15,few clouds
261,Develi,TR,2022-08-10 16:41:20,38.3906,35.4922,81.75,37,9,3.49,clear sky
262,Lebu,CL,2022-08-10 16:41:20,-37.6167,-73.65,52.29,67,68,5.57,broken clouds
263,Cherskiy,RU,2022-08-10 16:41:21,68.75,161.3,50.4,84,0,4.12,clear sky
264,Lerwick,GB,2022-08-10 16:38:37,60.1545,-1.1494,59.0,90,93,23.69,overcast clouds
265,Soubre,CI,2022-08-10 16:41:22,5.7856,-6.6083,81.05,65,91,5.48,overcast clouds
266,Ribeira Grande,PT,2022-08-10 16:41:23,38.5167,-28.7,75.6,78,40,4.61,scattered clouds
267,Nizhniy Kuranakh,RU,2022-08-10 16:41:24,58.8353,125.4869,54.5,98,100,2.44,light rain
268,Hami,CN,2022-08-10 16:41:01,42.8,93.45,93.88,15,7,14.09,clear sky
269,Ilhabela,BR,2022-08-10 16:38:31,-23.7781,-45.3581,70.09,56,86,14.81,overcast clouds
270,Posse,BR,2022-08-10 16:41:25,-14.0931,-46.3694,89.26,18,29,6.22,scattered clouds
271,Castries,LC,2022-08-10 16:39:10,13.9957,-61.0061,86.13,66,40,10.36,scattered clouds
272,Esso,RU,2022-08-10 16:41:26,55.9333,158.7,50.56,99,100,4.47,overcast clouds
273,Paoua,CF,2022-08-10 16:41:27,7.2427,16.4406,71.71,93,100,2.33,overcast clouds
274,Pangoa,PE,2022-08-10 16:41:27,-12.1167,-73.0,64.71,96,100,0.96,overcast clouds
275,San Rafael,AR,2022-08-10 16:36:32,-34.6177,-68.3301,58.62,29,13,16.42,few clouds
276,Kesova Gora,RU,2022-08-10 16:41:28,57.5836,37.2922,61.02,63,29,3.24,scattered clouds
277,Aykhal,RU,2022-08-10 16:41:28,66.0,111.5,58.08,87,100,8.93,overcast clouds
278,Norman Wells,CA,2022-08-10 16:41:29,65.282,-126.8329,48.11,90,100,9.04,light rain
279,Hilton Head Island,US,2022-08-10 16:36:56,32.2163,-80.7526,91.99,72,20,6.91,few clouds
280,Saint-Remi,CA,2022-08-10 16:41:30,45.2668,-73.6159,74.73,77,100,4.03,overcast clouds
281,Flinders,AU,2022-08-10 16:41:30,-34.5833,150.8552,53.38,84,97,1.99,overcast clouds
282,Altay,CN,2022-08-10 16:41:31,47.8667,88.1167,72.43,38,100,0.76,overcast clouds
283,Aklavik,CA,2022-08-10 16:41:31,68.2191,-135.0107,48.31,65,87,10.56,overcast clouds
284,Buin,CL,2022-08-10 16:41:32,-33.7333,-70.75,72.43,36,5,5.44,clear sky
285,Kez,RU,2022-08-10 16:41:33,57.8979,53.7152,61.7,97,90,2.68,overcast clouds
286,Vuktyl,RU,2022-08-10 16:41:34,63.8567,57.3094,62.31,44,98,8.9,overcast clouds
287,Sucua,EC,2022-08-10 16:41:35,-2.4667,-78.1667,77.74,73,75,4.61,light rain
288,Beroroha,MG,2022-08-10 16:41:35,-21.6667,45.1667,71.51,48,6,15.97,clear sky
289,Zapolyarnyy,RU,2022-08-10 16:41:36,69.4154,30.8136,60.08,93,100,17.98,overcast clouds
290,Saurimo,AO,2022-08-10 16:41:36,-9.6608,20.3916,76.87,16,16,3.02,few clouds
291,Inhambane,MZ,2022-08-10 16:41:37,-23.865,35.3833,75.18,73,20,4.61,few clouds
292,Ranong,TH,2022-08-10 16:41:38,9.9658,98.6348,78.8,87,100,10.69,overcast clouds
293,Dwarka,IN,2022-08-10 16:41:39,22.2394,68.9678,83.48,84,90,9.89,overcast clouds
294,Daru,PG,2022-08-10 16:41:39,-9.0763,143.2092,75.79,87,100,16.78,overcast clouds
295,Young,UY,2022-08-10 16:41:40,-32.6833,-57.6333,57.34,50,38,7.0,scattered clouds
296,Tasiilaq,GL,2022-08-10 16:41:40,65.6145,-37.6368,42.96,74,23,1.36,few clouds
297,Yar-Sale,RU,2022-08-10 16:41:41,66.8333,70.8333,50.97,72,88,2.44,overcast clouds
298,Leningradskiy,RU,2022-08-10 16:41:41,69.3833,178.4167,41.41,93,84,5.7,broken clouds
299,Porosozero,RU,2022-08-10 16:41:42,62.7191,32.727,62.47,61,67,5.32,broken clouds
300,Hearst,CA,2022-08-10 16:41:43,49.6835,-83.6665,58.73,86,35,11.1,scattered clouds
301,Dingle,PH,2022-08-10 16:37:07,10.9995,122.6711,75.51,92,100,2.59,overcast clouds
302,Nanortalik,GL,2022-08-10 16:41:44,60.1432,-45.2371,45.43,76,69,8.41,broken clouds
303,Dolores,AR,2022-08-10 16:41:44,-36.3132,-57.6792,56.25,50,72,9.4,broken clouds
304,Guerrero Negro,MX,2022-08-10 16:41:45,27.9769,-114.0611,81.97,53,73,10.38,broken clouds
305,Dzilam Gonzalez,MX,2022-08-10 16:41:45,21.2833,-88.9333,89.94,51,22,5.17,few clouds
306,Margate,GB,2022-08-10 16:41:46,51.3813,1.3862,79.9,74,33,5.99,scattered clouds
307,Pindi Gheb,PK,2022-08-10 16:41:46,33.2402,72.2661,98.87,38,0,6.44,clear sky
308,Saint George,US,2022-08-10 16:37:55,37.1041,-113.5841,87.44,47,0,4.61,clear sky
309,Vardo,NO,2022-08-10 16:38:36,70.3705,31.1107,58.98,88,75,12.66,broken clouds
310,Astana,KZ,2022-08-10 16:41:16,51.1801,71.446,64.35,77,40,11.18,scattered clouds
311,Kibala,TD,2022-08-10 16:41:47,9.1104,18.3463,84.15,70,20,6.91,few clouds
312,Mitsamiouli,KM,2022-08-10 16:39:53,-11.3847,43.2844,76.55,73,5,8.99,clear sky
313,Mirante Do Paranapanema,BR,2022-08-10 16:41:48,-22.2919,-51.9064,55.69,64,93,14.2,overcast clouds
314,Kyzyl-Suu,KG,2022-08-10 16:41:49,42.3414,78.0056,60.84,70,5,4.03,clear sky
315,Goderich,CA,2022-08-10 16:41:49,43.7501,-81.7165,70.92,64,0,9.26,clear sky
316,Mokhsogollokh,RU,2022-08-10 16:41:50,61.4681,128.9203,58.57,98,100,2.62,light rain
317,San Patricio,US,2022-08-10 16:41:51,28.017,-97.5169,94.06,43,4,4.79,clear sky
318,Pangody,RU,2022-08-10 16:41:51,65.85,74.4859,50.67,71,51,7.23,broken clouds
319,Valdosta,US,2022-08-10 16:39:38,30.8327,-83.2785,90.7,68,20,5.75,few clouds
320,Sabang,ID,2022-08-10 16:41:52,5.8933,95.3214,82.62,75,89,16.73,overcast clouds
321,New Iberia,US,2022-08-10 16:41:52,30.0035,-91.8187,93.97,49,0,5.75,clear sky
322,Ballina,AU,2022-08-10 16:41:53,-28.8667,153.5667,51.01,98,94,6.06,overcast clouds
323,Geraldton,AU,2022-08-10 16:41:53,-28.7667,114.6,45.01,93,11,6.91,few clouds
324,Tessalit,ML,2022-08-10 16:41:54,20.1986,1.0114,103.89,16,9,5.17,clear sky
325,Zyryanovsk,KZ,2022-08-10 16:41:54,49.7386,84.2719,66.74,56,96,3.33,overcast clouds
326,Nakamura,JP,2022-08-10 16:41:55,32.9833,132.9333,77.32,96,97,1.72,light rain
327,Port Moresby,PG,2022-08-10 16:41:55,-9.4431,147.1797,76.42,78,20,9.22,few clouds
328,Saquarema,BR,2022-08-10 16:41:56,-22.92,-42.5103,73.44,69,100,6.58,light rain
329,Sisimiut,GL,2022-08-10 16:41:56,66.9395,-53.6735,44.89,77,95,6.38,overcast clouds
330,Portland,US,2022-08-10 16:41:12,45.5234,-122.6762,67.6,78,100,6.91,overcast clouds
331,Desert Hot Springs,US,2022-08-10 16:39:06,33.9611,-116.5017,95.32,32,0,0.0,clear sky
332,Haines Junction,CA,2022-08-10 16:41:57,60.7522,-137.5108,47.28,93,100,2.44,light rain
333,Yanam,IN,2022-08-10 16:41:58,16.7333,82.2167,79.66,78,100,5.08,light rain
334,Broome,US,2022-08-10 16:41:59,42.2506,-75.833,75.47,64,100,6.91,overcast clouds
335,Iqaluit,CA,2022-08-10 16:41:59,63.7506,-68.5145,54.7,66,3,10.0,clear sky
336,Camacari,BR,2022-08-10 16:41:05,-12.6975,-38.3242,78.57,49,1,6.71,clear sky
337,Tezu,IN,2022-08-10 16:42:00,27.9167,96.1667,79.47,85,47,2.57,scattered clouds
338,Dongsheng,CN,2022-08-10 16:42:00,39.8161,109.9776,67.35,88,4,3.83,clear sky
339,Coahuayana,MX,2022-08-10 16:42:01,18.7333,-103.6833,91.08,55,77,1.79,broken clouds
340,Sao Goncalo Do Sapucai,BR,2022-08-10 16:41:29,-21.8922,-45.5953,56.98,80,100,10.04,overcast clouds
341,Beidao,CN,2022-08-10 16:42:02,34.5686,105.8933,74.8,78,99,6.73,overcast clouds
342,Ulagan,RU,2022-08-10 16:42:02,50.6321,87.9563,54.81,82,58,1.57,broken clouds
343,Zmiyiv,UA,2022-08-10 16:42:04,49.6966,36.3611,82.71,35,100,14.5,overcast clouds
344,Luderitz,NA,2022-08-10 16:42:04,-26.6481,15.1594,59.22,72,46,11.07,scattered clouds
345,Adrar,MR,2022-08-10 16:42:05,20.5022,-10.0711,108.18,8,15,11.23,few clouds
346,Pochutla,MX,2022-08-10 16:42:05,15.7432,-96.4661,90.82,49,34,5.35,scattered clouds
347,Thornbury,GB,2022-08-10 16:42:06,52.2333,-2.55,89.06,29,9,5.77,clear sky
348,Samana,DO,2022-08-10 16:42:07,19.2056,-69.3369,84.42,79,40,6.91,scattered clouds
349,Valparaiso,CL,2022-08-10 16:42:08,-33.0393,-71.6273,59.23,90,75,9.22,broken clouds
350,Maarianhamina,AX,2022-08-10 16:42:09,60.0973,19.9348,67.86,77,0,11.5,clear sky
351,Trinidad,BO,2022-08-10 16:42:09,-14.8333,-64.9,71.58,40,5,18.41,clear sky
352,Maldonado,UY,2022-08-10 16:42:10,-34.6667,-54.9167,56.59,57,0,5.93,clear sky
353,Barrow,US,2022-08-10 16:41:55,71.2906,-156.7887,44.62,87,100,12.66,overcast clouds
354,Kununurra,AU,2022-08-10 16:41:42,-15.7667,128.7333,64.38,72,8,0.0,clear sky
355,Barra Dos Coqueiros,BR,2022-08-10 16:42:11,-10.9089,-37.0386,82.42,61,20,9.22,few clouds
356,Kaoma,ZM,2022-08-10 16:42:11,-14.7833,24.8,68.88,16,0,6.2,clear sky
357,Kirillov,RU,2022-08-10 16:42:11,59.863,38.3813,57.96,70,53,3.76,broken clouds
358,Grand-Santi,GF,2022-08-10 16:42:12,4.25,-54.3833,94.73,38,55,3.22,broken clouds
359,Anchorage,US,2022-08-10 16:42:12,61.2181,-149.9003,50.65,92,100,6.91,fog
360,Havoysund,NO,2022-08-10 16:42:13,70.9963,24.6622,59.23,91,100,4.12,light rain
361,Nur,PL,2022-08-10 16:42:14,52.6683,22.3221,67.75,63,38,8.21,scattered clouds
362,Alice Springs,AU,2022-08-10 16:42:14,-23.7,133.8833,60.35,51,100,10.36,overcast clouds
363,Huejuquilla El Alto,MX,2022-08-10 16:42:15,22.6,-103.8667,75.87,42,17,3.33,few clouds
364,Ende,ID,2022-08-10 16:42:16,-8.8432,121.6623,75.79,87,86,3.4,overcast clouds
365,Atikokan,CA,2022-08-10 16:42:16,48.7555,-91.6216,72.09,37,2,10.8,clear sky
366,Dhidhdhoo,MV,2022-08-10 16:42:17,6.8833,73.1,81.36,85,19,12.48,few clouds
367,Luanda,AO,2022-08-10 16:38:02,-8.8368,13.2343,68.7,84,3,16.51,clear sky
368,Marmande,FR,2022-08-10 16:42:17,44.5,0.1667,100.6,20,0,7.72,clear sky
369,Vanavara,RU,2022-08-10 16:42:18,60.34,102.2797,55.18,91,69,1.83,broken clouds
370,Dinar,TR,2022-08-10 16:42:18,38.065,30.1656,69.76,73,93,5.06,light rain
371,Dolinsk,RU,2022-08-10 16:42:19,47.35,142.8,61.5,88,1,8.81,clear sky
372,Ust-Omchug,RU,2022-08-10 16:42:20,61.15,149.6333,52.95,95,100,2.57,light rain
373,Prieska,ZA,2022-08-10 16:42:20,-29.6641,22.7474,65.73,17,77,6.58,broken clouds
374,Lorengau,PG,2022-08-10 16:42:21,-2.0226,147.2712,79.88,81,100,5.95,overcast clouds
375,Karasuk,RU,2022-08-10 16:42:21,53.7377,78.0403,65.82,63,94,8.03,overcast clouds
376,Sitka,US,2022-08-10 16:42:22,57.0531,-135.33,55.29,82,100,3.44,overcast clouds
377,Mahesana,IN,2022-08-10 16:42:22,23.6,72.4,81.18,88,100,5.5,overcast clouds
378,Shetpe,KZ,2022-08-10 16:42:23,44.1667,52.1167,88.63,19,0,9.6,clear sky
379,Sidrolandia,BR,2022-08-10 16:42:23,-20.9319,-54.9614,61.05,51,9,8.48,clear sky
380,Monroe,US,2022-08-10 16:42:24,43.1501,-77.6831,78.1,62,75,3.44,broken clouds
381,Tongren,CN,2022-08-10 16:42:25,27.7172,109.1853,79.88,77,100,1.34,overcast clouds
382,Hargeysa,SO,2022-08-10 16:42:25,9.56,44.065,73.4,47,98,24.96,overcast clouds
383,Chicama,PE,2022-08-10 16:42:26,-7.8447,-79.1469,61.34,62,58,10.07,broken clouds
384,Vanino,RU,2022-08-10 16:42:26,49.0869,140.2543,58.55,91,100,3.83,moderate rain
385,Port Lincoln,AU,2022-08-10 16:42:27,-34.7333,135.8667,52.12,77,85,20.15,overcast clouds
386,Tairua,NZ,2022-08-10 16:42:28,-37.0167,175.85,50.09,83,99,6.93,overcast clouds
387,Port-Gentil,GA,2022-08-10 16:42:28,-0.7193,8.7815,76.96,78,100,13.8,overcast clouds
388,Mnogovershinnyy,RU,2022-08-10 16:42:29,53.9353,139.9242,47.88,97,87,3.44,overcast clouds
389,Kamwenge,UG,2022-08-10 16:42:30,0.1866,30.4539,75.81,45,100,0.51,overcast clouds
390,Anadyr,RU,2022-08-10 16:42:30,64.75,177.4833,59.5,76,0,2.24,clear sky
391,Atambua,ID,2022-08-10 16:42:31,-9.1061,124.8925,70.16,83,53,4.43,broken clouds
392,Laredo,US,2022-08-10 16:42:32,27.5064,-99.5075,89.89,55,0,9.22,clear sky
393,Marystown,CA,2022-08-10 16:42:04,47.1666,-55.1483,62.85,100,100,8.99,overcast clouds
394,Deputatskiy,RU,2022-08-10 16:42:33,69.3,139.9,48.94,82,0,0.94,clear sky
395,Sola,VU,2022-08-10 16:42:33,-13.8833,167.55,79.21,80,30,20.67,moderate rain
396,Kizner,RU,2022-08-10 16:42:34,56.2749,51.508,66.63,89,30,6.67,scattered clouds
397,San Felipe,VE,2022-08-10 16:42:35,10.3399,-68.7425,79.48,82,95,8.08,light rain
398,Boa Vista,BR,2022-08-10 16:42:13,2.8197,-60.6733,91.38,49,40,8.05,scattered clouds
399,Caravelas,BR,2022-08-10 16:42:35,-17.7125,-39.2481,79.16,58,6,14.74,clear sky
400,Guia Lopes Da Laguna,BR,2022-08-10 16:42:36,-21.4578,-56.1142,64.47,47,46,8.05,scattered clouds
401,Huainan,CN,2022-08-10 16:42:36,32.6264,116.9969,83.08,78,94,4.21,overcast clouds
402,Touros,BR,2022-08-10 16:42:37,-5.1989,-35.4608,83.08,53,6,15.46,clear sky
403,Santa Maria,BR,2022-08-10 16:42:37,-29.6842,-53.8069,58.3,63,75,8.05,broken clouds
404,General Roca,AR,2022-08-10 16:42:38,-39.0333,-67.5833,54.95,42,4,4.54,clear sky
405,Oranjestad,AW,2022-08-10 16:42:38,12.524,-70.027,87.75,70,20,21.85,few clouds
406,Mecca,SA,2022-08-10 16:39:58,21.4267,39.8261,93.33,46,59,8.95,broken clouds
407,Lowicz,PL,2022-08-10 16:42:39,52.1071,19.9453,68.61,57,48,5.68,scattered clouds
408,Gavle,SE,2022-08-10 16:42:40,60.6745,17.1417,78.39,54,100,1.99,overcast clouds
409,Rio Gallegos,AR,2022-08-10 16:42:40,-51.6226,-69.2181,43.61,75,79,10.49,broken clouds
410,Dunedin,NZ,2022-08-10 16:42:41,-45.8742,170.5036,41.81,76,98,3.0,overcast clouds
411,Leshan,CN,2022-08-10 16:42:42,29.5623,103.7639,77.52,93,97,3.29,overcast clouds
412,Tyumentsevo,RU,2022-08-10 16:42:42,53.3224,81.498,65.5,70,100,3.83,overcast clouds
413,Labuhan,ID,2022-08-10 16:41:08,-6.8844,112.2051,77.94,85,48,7.92,scattered clouds
414,Orocue,CO,2022-08-10 16:42:44,4.7912,-71.3354,84.16,67,93,7.27,overcast clouds
415,Bintulu,MY,2022-08-10 16:42:44,3.1667,113.0333,77.41,88,20,3.44,few clouds
416,Pundaguitan,PH,2022-08-10 16:42:45,6.3711,126.1689,82.38,71,15,1.54,few clouds
417,Keetmanshoop,NA,2022-08-10 16:42:45,-26.5833,18.1333,71.82,11,36,8.16,scattered clouds
418,Auki,SB,2022-08-10 16:42:45,-8.7676,160.7034,75.27,88,79,3.51,broken clouds
419,Mwense,ZM,2022-08-10 16:42:46,-10.3845,28.698,73.02,23,67,5.91,broken clouds
420,Kilimatinde,TZ,2022-08-10 16:42:47,-5.85,34.95,73.54,35,13,4.38,few clouds
421,Mount Gambier,AU,2022-08-10 16:42:47,-37.8333,140.7667,48.11,93,75,13.8,moderate rain
422,Dedougou,BF,2022-08-10 16:41:37,12.4667,-3.4667,86.29,62,73,3.27,broken clouds
423,Taoudenni,ML,2022-08-10 16:42:48,22.6783,-3.9836,113.27,10,28,11.14,scattered clouds
424,Taman,RU,2022-08-10 16:42:49,45.2117,36.7161,80.29,69,37,11.52,scattered clouds
425,Balkanabat,TM,2022-08-10 16:42:49,39.5108,54.3671,91.53,25,32,4.23,scattered clouds
426,Raudeberg,NO,2022-08-10 16:42:50,61.9875,5.1352,61.95,81,100,36.46,overcast clouds
427,Narasannapeta,IN,2022-08-10 16:42:50,18.4167,84.05,79.68,84,100,8.28,light rain
428,Talnakh,RU,2022-08-10 16:42:51,69.4865,88.3972,49.21,87,100,5.93,overcast clouds
429,Iquitos,PE,2022-08-10 16:42:51,-3.7481,-73.2472,82.44,78,75,3.44,broken clouds
430,Belmonte,BR,2022-08-10 16:42:52,-15.8631,-38.8828,78.12,60,2,12.48,clear sky
431,Skibbereen,IE,2022-08-10 16:42:52,51.55,-9.2667,73.11,61,0,3.09,clear sky
432,Vanimo,PG,2022-08-10 16:42:53,-2.6741,141.3028,76.6,91,94,5.14,overcast clouds
433,Dakar,SN,2022-08-10 16:39:25,14.6937,-17.4441,88.68,74,75,9.22,broken clouds
434,Aden,YE,2022-08-10 16:42:53,12.7794,45.0367,86.56,69,74,18.88,broken clouds
435,Maragogi,BR,2022-08-10 16:42:54,-9.0122,-35.2225,79.21,64,4,6.49,clear sky
436,Blagoyevo,RU,2022-08-10 16:42:54,63.3667,47.9167,57.61,79,100,3.83,overcast clouds
437,Wanning,CN,2022-08-10 16:42:55,18.8003,110.3967,81.3,85,100,15.26,overcast clouds
438,Haimen,CN,2022-08-10 16:42:56,23.1935,116.6142,76.89,87,45,6.69,scattered clouds
439,Saldanha,ZA,2022-08-10 16:42:56,-33.0117,17.9442,59.05,92,100,3.22,overcast clouds
440,Narsaq,GL,2022-08-10 16:42:57,60.9167,-46.05,53.82,56,100,4.74,overcast clouds
441,Northam,GB,2022-08-10 16:42:58,51.0333,-4.2167,81.66,36,6,11.95,clear sky
442,Kifri,IQ,2022-08-10 16:42:58,34.6959,44.9661,101.08,15,0,18.84,clear sky
443,Jacareacanga,BR,2022-08-10 16:42:59,-6.2222,-57.7528,98.35,30,5,3.87,clear sky
444,Pafos,CY,2022-08-10 16:39:25,34.7667,32.4167,83.98,70,40,11.5,scattered clouds
445,Poya,NC,2022-08-10 16:42:59,-21.35,165.15,62.53,63,44,8.61,scattered clouds
446,El Tigre,VE,2022-08-10 16:43:00,8.8875,-64.2454,86.58,56,72,6.4,broken clouds
447,Port Macquarie,AU,2022-08-10 16:43:00,-31.4333,152.9167,45.9,80,89,4.65,overcast clouds
448,Beringovskiy,RU,2022-08-10 16:43:01,63.05,179.3167,51.28,90,51,10.58,broken clouds
449,Raga,SS,2022-08-10 16:43:02,8.4596,25.678,72.91,94,96,3.51,light rain
450,The Valley,AI,2022-08-10 16:43:02,18.217,-63.0578,89.46,70,20,12.66,few clouds
451,Luqiao,CN,2022-08-10 16:43:03,28.5808,121.3772,79.16,92,99,5.91,overcast clouds
452,Shubarkuduk,KZ,2022-08-10 16:43:03,49.1447,56.4872,79.81,31,65,8.34,broken clouds
453,Saint-Pierre,RE,2022-08-10 16:43:03,-21.3393,55.4781,67.91,68,0,20.71,clear sky
454,Chara,RU,2022-08-10 16:43:04,56.9064,118.2631,53.19,88,100,0.81,overcast clouds
455,Casablanca,MA,2022-08-10 16:43:04,33.5928,-7.6192,82.62,61,0,4.61,clear sky
456,Nabire,ID,2022-08-10 16:43:05,-3.3667,135.4833,74.84,90,69,3.24,broken clouds
457,Zhigansk,RU,2022-08-10 16:43:05,66.7697,123.3711,58.03,75,76,8.14,broken clouds
458,Neuquen,AR,2022-08-10 16:43:06,-38.9516,-68.0591,40.89,87,100,9.22,overcast clouds
459,Marsaxlokk,MT,2022-08-10 16:43:07,35.8419,14.5431,86.61,58,20,5.75,few clouds
460,Saint-Francois,FR,2022-08-10 16:43:10,46.4154,3.9054,90.84,18,0,9.22,clear sky
461,Debre Birhan,ET,2022-08-10 16:43:11,9.6833,39.5333,52.07,94,100,2.75,light rain
462,Quatre Cocos,MU,2022-08-10 16:43:11,-20.2078,57.7625,70.09,69,73,23.0,broken clouds
463,Tadine,NC,2022-08-10 16:43:12,-21.55,167.8833,65.48,60,0,14.83,clear sky
464,Gafanha Da Encarnacao,PT,2022-08-10 16:43:12,40.6181,-8.733,73.02,78,21,7.16,few clouds
465,Moerai,PF,2022-08-10 16:43:13,-22.4333,-151.3333,71.31,77,12,7.92,few clouds
466,Seabra,BR,2022-08-10 16:43:13,-12.4186,-41.7703,87.19,17,1,5.28,clear sky
467,Asau,RO,2022-08-10 16:43:14,46.4333,26.4,69.28,78,96,5.75,overcast clouds
468,Ilebo,CD,2022-08-10 16:43:14,-4.3167,20.5833,85.62,21,74,1.7,broken clouds
469,Gurkovo,BG,2022-08-10 16:43:15,42.6667,25.8,81.05,45,66,6.35,broken clouds
470,Mundo Nuevo,MX,2022-08-10 16:43:15,18.7,-95.5,84.04,67,81,7.11,broken clouds
471,Bad Worishofen,DE,2022-08-10 16:43:16,48.0167,10.6,76.6,39,1,5.99,clear sky
472,Alegre,BR,2022-08-10 16:43:16,-20.7636,-41.5331,90.81,28,70,11.83,broken clouds
473,Jieshou,CN,2022-08-10 16:43:17,33.2634,115.3611,81.21,83,87,5.75,overcast clouds
474,Sinnamary,GF,2022-08-10 16:43:17,5.3833,-52.95,84.02,73,95,11.01,overcast clouds
475,Zhangjiakou,CN,2022-08-10 16:43:18,40.81,114.8794,67.37,65,0,2.39,clear sky
476,Tilichiki,RU,2022-08-10 16:43:18,60.4667,166.1,51.85,91,100,13.33,overcast clouds
477,Heihe,CN,2022-08-10 16:43:18,50.2441,127.4902,55.98,90,79,3.42,broken clouds
478,Lagoa,PT,2022-08-10 16:43:19,39.05,-27.9833,70.93,69,52,6.51,broken clouds
479,Cairns,AU,2022-08-10 16:43:19,-16.9167,145.7667,67.95,83,100,11.5,overcast clouds
480,Omboue,GA,2022-08-10 16:43:20,-1.5746,9.2618,74.23,78,98,9.95,overcast clouds
481,Pangai,TO,2022-08-10 16:43:21,-19.8,-174.35,78.19,86,13,14.54,few clouds
482,Avanigadda,IN,2022-08-10 16:43:21,16.0215,80.9181,85.08,60,100,11.39,overcast clouds
483,Itarema,BR,2022-08-10 16:43:21,-2.9248,-39.9167,84.6,60,7,18.72,clear sky
484,Veraval,IN,2022-08-10 16:40:11,20.9,70.3667,80.56,93,100,24.54,overcast clouds
485,Riacho De Santana,BR,2022-08-10 16:43:22,-13.6092,-42.9389,92.57,15,0,4.7,clear sky
486,Eruwa,NG,2022-08-10 16:43:23,7.5333,3.4167,79.52,72,91,6.33,overcast clouds
487,Zunyi,CN,2022-08-10 16:43:23,27.6867,106.9072,74.21,81,98,1.19,overcast clouds
488,Stephenville,US,2022-08-10 16:43:23,32.2207,-98.2023,95.77,44,75,10.0,broken clouds
489,Bilibino,RU,2022-08-10 16:43:24,68.0546,166.4372,53.76,95,7,1.01,clear sky
490,Coari,BR,2022-08-10 16:43:24,-4.085,-63.1414,94.77,37,11,5.41,few clouds
491,Almaznyy,RU,2022-08-10 16:43:25,48.0448,40.045,82.71,25,10,7.74,clear sky
492,Mountain Home,US,2022-08-10 16:43:25,43.133,-115.6912,72.88,68,40,3.44,scattered clouds
493,Guarapari,BR,2022-08-10 16:43:26,-20.6667,-40.4975,83.89,41,77,11.07,broken clouds
494,Nelson Bay,AU,2022-08-10 16:43:26,-32.7167,152.15,53.01,100,43,1.99,scattered clouds
495,Merritt Island,US,2022-08-10 16:43:27,28.5392,-80.672,93.09,65,40,11.5,scattered clouds
496,Vila Franca Do Campo,PT,2022-08-10 16:39:39,37.7167,-25.4333,75.61,71,37,6.02,scattered clouds
497,Camocim,BR,2022-08-10 16:43:29,-2.9022,-40.8411,89.82,50,2,15.23,clear sky
498,Souillac,MU,2022-08-10 16:43:29,-20.5167,57.5167,70.18,60,75,18.41,broken clouds
499,Sept-Iles,CA,2022-08-10 16:43:30,50.2001,-66.3821,65.05,69,0,5.01,clear sky
500,Bati,ET,2022-08-10 16:43:30,11.1833,40.0167,69.91,71,100,1.5,light rain
501,Hobyo,SO,2022-08-10 16:43:31,5.3505,48.5268,76.84,83,65,24.09,broken clouds
502,Bourail,NC,2022-08-10 16:43:31,-21.5667,165.4833,61.97,65,36,8.77,scattered clouds
503,Samarina,RU,2022-08-10 16:43:32,57.8878,27.8054,69.69,59,76,1.19,broken clouds
504,Dharchula,IN,2022-08-10 16:43:32,29.85,80.5333,74.5,98,95,1.57,overcast clouds
505,Asosa,ET,2022-08-10 16:43:33,10.0667,34.5333,61.38,98,100,2.35,light rain
506,Chongqing,CN,2022-08-10 16:43:33,29.5628,106.5528,97.12,36,0,6.71,clear sky
507,Uttaradit,TH,2022-08-10 16:43:34,17.6667,100.5,71.37,99,97,3.24,overcast clouds
508,Amapa,BR,2022-08-10 16:43:34,1.0,-52.0,92.08,38,64,4.88,broken clouds
509,Sobolevo,RU,2022-08-10 16:43:35,54.4299,31.8996,62.1,78,13,6.29,few clouds
510,Ipixuna,BR,2022-08-10 16:43:36,-1.7625,-48.8043,95.18,35,68,1.72,broken clouds
511,Turayf,SA,2022-08-10 16:43:36,31.6725,38.6637,93.45,33,0,11.5,clear sky
512,Todos Santos,MX,2022-08-10 16:43:37,23.45,-110.2167,83.66,77,88,6.35,overcast clouds
513,Leh,IN,2022-08-10 16:43:37,34.1667,77.5833,72.28,31,21,5.59,few clouds
514,Urumqi,CN,2022-08-10 16:43:38,43.801,87.6005,72.55,57,0,4.47,clear sky
515,Agirish,RU,2022-08-10 16:43:39,61.9247,63.0231,67.93,49,100,4.99,overcast clouds
516,Palana,RU,2022-08-10 16:43:40,59.1167,159.9667,50.32,98,100,3.33,light rain
517,Cranbrook,CA,2022-08-10 16:43:42,49.4999,-115.7688,71.96,50,100,0.92,overcast clouds
518,Shemgang,BT,2022-08-10 16:43:42,27.2169,90.6579,61.81,99,86,1.23,overcast clouds
519,Lata,PT,2022-08-10 16:43:43,40.1629,-8.3327,81.52,52,3,9.89,clear sky
520,Anaconda,US,2022-08-10 16:43:43,46.1285,-112.9423,74.39,20,100,2.93,overcast clouds
521,Choya,RU,2022-08-10 16:43:44,52.0108,86.5467,65.71,80,36,2.89,scattered clouds
522,Tessaoua,NE,2022-08-10 16:43:44,13.7574,7.9874,94.86,34,69,8.55,broken clouds
523,Mayo,US,2022-08-10 16:43:45,38.8876,-76.5119,92.95,69,20,4.61,few clouds
524,Perth,AU,2022-08-10 16:42:04,-31.9333,115.8333,47.66,93,0,1.14,clear sky
525,Palmas De Monte Alto,BR,2022-08-10 16:43:45,-14.2672,-43.1619,93.25,17,0,3.53,clear sky
526,Ostrovnoy,RU,2022-08-10 16:43:46,68.0531,39.5131,60.01,78,100,17.76,overcast clouds
527,Vlasim,CZ,2022-08-10 16:43:46,49.7063,14.8988,78.42,35,85,5.1,overcast clouds
528,College,US,2022-08-10 16:43:47,64.8569,-147.8028,47.07,85,20,3.44,few clouds
529,Montepuez,MZ,2022-08-10 16:43:47,-13.1256,38.9997,73.76,50,88,8.66,overcast clouds
530,Masumbwe,TZ,2022-08-10 16:43:48,-3.6333,32.1833,76.84,29,35,3.78,scattered clouds
531,Huimilpan,MX,2022-08-10 16:43:48,20.372,-100.2774,63.5,46,50,9.28,scattered clouds
532,Algeciras,ES,2022-08-10 16:40:02,36.1333,-5.4505,78.48,69,20,11.5,few clouds
533,Arcachon,FR,2022-08-10 16:43:49,44.5875,-1.0519,101.41,16,75,9.22,broken clouds
534,Nanchang,CN,2022-08-10 16:43:49,28.6833,115.8833,85.28,63,62,3.83,broken clouds
535,Moose Factory,CA,2022-08-10 16:43:50,51.2585,-80.6094,65.57,65,81,10.2,broken clouds
536,Bartica,GY,2022-08-10 16:43:50,6.4,-58.6167,91.72,57,98,2.13,overcast clouds
537,Choix,MX,2022-08-10 16:43:51,26.7092,-108.3219,85.91,52,100,2.35,overcast clouds
538,George Town,MY,2022-08-10 16:43:43,5.4112,100.3354,82.89,81,20,3.44,few clouds
539,Zabid,YE,2022-08-10 16:43:52,14.1951,43.3152,88.83,60,92,1.57,overcast clouds
540,Batemans Bay,AU,2022-08-10 16:43:52,-35.7167,150.1833,52.11,91,98,5.28,overcast clouds
541,Kindu,CD,2022-08-10 16:43:54,-2.95,25.95,83.64,30,93,1.86,overcast clouds
542,Lazaro Cardenas,MX,2022-08-10 16:43:52,17.9583,-102.2,87.17,61,100,2.59,overcast clouds
543,Bubaque,GW,2022-08-10 16:43:55,11.2833,-15.8333,81.61,80,61,13.15,broken clouds
544,Necochea,AR,2022-08-10 16:40:45,-38.5473,-58.7368,54.77,58,85,16.53,overcast clouds
545,Chalan,CO,2022-08-10 16:43:56,9.5477,-75.3113,84.94,70,100,6.29,overcast clouds
546,Mehamn,NO,2022-08-10 16:43:56,71.0357,27.8492,62.55,67,75,10.36,light rain
547,Kelvington,CA,2022-08-10 16:43:57,52.1667,-103.5343,63.97,48,79,3.62,broken clouds
548,Odesskoye,RU,2022-08-10 16:43:57,54.2111,72.9651,66.58,74,79,9.69,broken clouds
549,Itoman,JP,2022-08-10 16:43:58,26.1247,127.6694,84.22,80,40,5.75,haze
550,Palizada,MX,2022-08-10 16:43:58,18.25,-92.0833,89.55,52,85,5.03,overcast clouds
551,Makaryev,RU,2022-08-10 16:43:59,57.8797,43.8069,60.66,70,88,5.41,overcast clouds
552,Olinda,BR,2022-08-10 16:43:59,-8.0089,-34.8553,82.13,61,20,10.36,few clouds
553,Atkinson,US,2022-08-10 16:44:00,42.8384,-71.147,77.47,74,100,5.75,overcast clouds
554,Sao Joao Da Barra,BR,2022-08-10 16:44:01,-21.6403,-41.0511,84.29,65,59,15.03,broken clouds
555,Jovellanos,CU,2022-08-10 16:44:01,22.8044,-81.1944,86.34,47,91,12.19,overcast clouds
556,Maues,BR,2022-08-10 16:44:02,-3.3836,-57.7186,98.8,25,4,2.93,clear sky
557,Roebourne,AU,2022-08-10 16:44:02,-20.7833,117.1333,65.73,40,0,8.23,clear sky
558,Goianesia,BR,2022-08-10 16:44:03,-15.3175,-49.1175,88.11,30,96,11.03,overcast clouds
559,Brazzaville,CG,2022-08-10 16:44:03,-4.2658,15.2832,91.78,24,53,3.87,broken clouds
560,Meulaboh,ID,2022-08-10 16:43:11,4.1363,96.1285,77.23,85,20,4.25,few clouds
561,Bengkulu,ID,2022-08-10 16:44:05,-3.8004,102.2655,75.78,91,45,4.18,scattered clouds
562,Kushiro,JP,2022-08-10 16:44:05,42.975,144.3747,67.17,97,82,6.02,broken clouds
563,Berlevag,NO,2022-08-10 16:44:06,70.8578,29.0864,62.6,67,0,13.8,light rain
564,Shimoda,JP,2022-08-10 16:44:06,34.6667,138.95,78.1,90,100,5.46,overcast clouds
565,Eureka,US,2022-08-10 16:39:55,40.8021,-124.1637,68.25,78,0,3.0,clear sky
566,Tooele,US,2022-08-10 16:44:07,40.5308,-112.2983,83.08,39,0,4.61,clear sky
567,Ugoofaaru,MV,2022-08-10 16:44:08,5.6667,73.0,81.57,83,63,11.36,broken clouds
568,Korem,ET,2022-08-10 16:44:08,12.5058,39.5228,59.04,86,94,1.99,light rain
569,Malmesbury,ZA,2022-08-10 16:44:09,-33.4608,18.7271,55.78,96,100,3.06,overcast clouds
570,Sibolga,ID,2022-08-10 16:44:09,1.7427,98.7792,76.1,84,49,4.09,scattered clouds
571,Shingu,JP,2022-08-10 16:44:10,33.7333,135.9833,77.92,93,99,3.24,overcast clouds
572,Surman,LY,2022-08-10 16:44:11,32.7567,12.5716,84.85,60,0,10.69,clear sky
573,Hervey Bay,AU,2022-08-10 16:44:12,-25.2986,152.8535,62.42,64,2,11.41,clear sky
574,Plouzane,FR,2022-08-10 16:44:12,48.3833,-4.6167,84.25,53,0,13.8,clear sky
575,Seoul,KR,2022-08-10 16:39:57,37.5683,126.9778,74.77,97,100,1.14,overcast clouds
576,Jatiroto,ID,2022-08-10 16:44:13,-7.8833,111.1167,72.88,93,53,2.89,broken clouds
577,Ulladulla,AU,2022-08-10 16:44:14,-35.35,150.4667,48.7,90,96,6.24,overcast clouds
578,Cabedelo,BR,2022-08-10 16:41:32,-6.9811,-34.8339,86.67,68,14,11.95,few clouds
579,Sulphur,US,2022-08-10 16:44:15,30.2366,-93.3774,89.96,68,75,3.44,broken clouds
580,Kidal,ML,2022-08-10 16:44:15,18.4411,1.4078,102.79,20,14,6.44,few clouds
581,Maamba,ZM,2022-08-10 16:44:16,-17.3667,27.15,67.89,31,0,3.71,clear sky
582,Penarroya-Pueblonuevo,ES,2022-08-10 16:44:16,38.3,-5.2667,91.45,26,0,12.88,clear sky
583,Wagar,SD,2022-08-10 16:44:17,16.1525,36.2032,84.51,61,91,14.74,overcast clouds
584,Padilla,CO,2022-08-10 16:44:17,3.2204,-76.3139,84.88,55,93,2.82,overcast clouds
585,Sapa,PH,2022-08-10 16:44:18,5.1544,120.3241,81.25,79,85,4.41,overcast clouds
586,Palmer,US,2022-08-10 16:44:18,42.1584,-72.3287,84.06,59,75,4.61,broken clouds
587,Monrovia,LR,2022-08-10 16:44:19,6.3005,-10.7969,76.48,83,100,13.2,light rain
588,Yumen,CN,2022-08-10 16:44:19,40.2833,97.2,81.48,41,1,18.75,clear sky
589,Safaga,EG,2022-08-10 16:44:20,26.7292,33.9365,93.31,39,0,15.12,clear sky
590,Hoquiam,US,2022-08-10 16:44:20,46.9809,-123.8893,62.58,93,100,10.36,overcast clouds
591,Ballymena,GB,2022-08-10 16:40:37,54.8636,-6.2763,80.04,57,35,3.47,scattered clouds
592,Chongoyape,PE,2022-08-10 16:44:22,-6.6406,-79.3892,82.51,50,61,8.19,broken clouds
593,Jalu,LY,2022-08-10 16:44:22,29.0331,21.5482,94.19,22,0,12.41,clear sky
594,Kamaishi,JP,2022-08-10 16:44:23,39.2667,141.8833,75.4,92,100,5.86,overcast clouds
595,Kerema,PG,2022-08-10 16:44:23,-7.9631,145.7785,77.41,90,99,7.18,overcast clouds
596,Tautira,PF,2022-08-10 16:44:24,-17.7333,-149.15,76.46,74,63,12.53,light rain
597,Vao,NC,2022-08-10 16:44:25,-22.6667,167.4833,67.87,56,1,18.37,clear sky
598,Cienfuegos,CU,2022-08-10 16:44:25,22.1461,-80.4356,86.14,70,75,10.36,broken clouds
599,Bridlington,GB,2022-08-10 16:39:48,54.0831,-0.1919,78.73,69,20,14.32,few clouds
600,Firminopolis,BR,2022-08-10 16:44:26,-16.5819,-50.305,78.06,31,100,6.46,overcast clouds
601,Yarmouth,US,2022-08-10 16:44:26,41.7057,-70.2286,75.25,79,100,9.22,overcast clouds
602,Leshukonskoye,RU,2022-08-10 16:44:27,64.8989,45.7622,60.19,58,22,3.67,few clouds
603,Lake Wales,US,2022-08-10 16:43:41,27.9014,-81.5859,90.91,68,20,6.91,few clouds
604,Bendigo,AU,2022-08-10 16:44:28,-36.7667,144.2833,49.86,59,100,4.0,overcast clouds
605,Ubinskoye,RU,2022-08-10 16:44:28,55.3068,79.6802,67.24,78,100,8.57,overcast clouds
606,Byron Bay,AU,2022-08-10 16:44:29,-28.65,153.6167,50.94,71,85,7.63,overcast clouds
607,Katherine,AU,2022-08-10 16:44:29,-14.4667,132.2667,73.72,46,7,6.91,clear sky
608,Vavatenina,MG,2022-08-10 16:44:30,-17.4667,49.2,61.56,95,45,2.98,scattered clouds
609,Evensk,RU,2022-08-10 16:44:30,61.95,159.2333,52.93,93,100,2.15,light rain
610,Matara,LK,2022-08-10 16:44:31,5.9485,80.5353,75.92,90,46,6.58,scattered clouds
611,Cap-Aux-Meules,CA,2022-08-10 16:44:32,47.3821,-61.8597,64.13,80,85,13.94,overcast clouds
612,Banyo,CM,2022-08-10 16:44:33,6.75,11.8167,67.78,95,100,2.44,light rain
613,Beausejour,CA,2022-08-10 16:44:34,50.0622,-96.5167,70.86,45,0,12.59,clear sky
614,Madang,PG,2022-08-10 16:44:36,-5.2246,145.7966,76.48,91,100,2.13,overcast clouds
615,Launceston,AU,2022-08-10 16:43:09,-41.45,147.1667,44.24,87,97,4.61,overcast clouds
616,Bonthe,SL,2022-08-10 16:44:37,7.5264,-12.505,78.33,84,96,12.33,light rain
617,Vangaindrano,MG,2022-08-10 16:44:37,-23.35,47.6,66.07,80,55,6.46,broken clouds
618,Thunder Bay,CA,2022-08-10 16:41:34,48.4001,-89.3168,73.0,39,0,13.13,clear sky
619,Dudinka,RU,2022-08-10 16:44:38,69.4058,86.1778,49.62,81,100,6.29,overcast clouds
620,Finschhafen,PG,2022-08-10 16:44:38,-6.6024,147.8681,76.42,89,100,7.99,overcast clouds
621,Troitsko-Pechorsk,RU,2022-08-10 16:44:38,62.7084,56.1964,59.86,62,100,8.52,overcast clouds
622,Churapcha,RU,2022-08-10 16:44:39,62.0025,132.4325,56.21,85,100,6.13,light rain
623,Dong Hoi,VN,2022-08-10 16:44:40,17.4833,106.6,79.79,82,100,4.94,light rain
624,Maxhutte-Haidhof,DE,2022-08-10 16:44:42,49.2025,12.0981,79.36,28,40,10.36,scattered clouds
625,Jackson,US,2022-08-10 16:44:43,42.4165,-122.8345,70.05,53,0,8.05,clear sky
626,Ust-Nera,RU,2022-08-10 16:44:43,64.5667,143.2,62.19,82,100,4.74,light rain
627,Wasilla,US,2022-08-10 16:44:44,61.5814,-149.4394,49.73,87,0,3.44,clear sky
628,Pampa,US,2022-08-10 16:42:21,35.5362,-100.9599,86.14,54,0,5.75,clear sky
629,Kasama,ZM,2022-08-10 16:44:45,-10.2129,31.1808,66.49,32,4,5.39,clear sky
630,Bull Savanna,JM,2022-08-10 16:44:45,17.8868,-77.5902,85.95,64,56,11.14,broken clouds
631,Waingapu,ID,2022-08-10 16:44:46,-9.6567,120.2641,75.58,85,99,4.94,overcast clouds
632,Shenzhen,CN,2022-08-10 16:44:46,22.5455,114.0683,82.22,93,100,13.38,overcast clouds
633,Vadinsk,RU,2022-08-10 16:44:48,53.6916,43.0574,68.68,74,72,11.16,broken clouds
634,Tual,ID,2022-08-10 16:44:50,-5.6667,132.75,79.57,80,49,16.67,scattered clouds
635,Yermakovskoye,RU,2022-08-10 16:44:50,53.2831,92.4003,59.2,68,1,1.28,clear sky
636,Lleida,ES,2022-08-10 16:44:51,41.6167,0.6167,98.8,16,0,6.91,clear sky
637,Tripoli,LY,2022-08-10 16:41:06,32.8752,13.1875,84.04,60,0,9.06,clear sky
638,Luena,AO,2022-08-10 16:44:53,-11.7833,19.9167,69.49,17,0,4.54,clear sky
639,Do Gonbadan,IR,2022-08-10 16:44:53,30.3586,50.7981,104.09,31,40,0.0,scattered clouds
640,Christchurch,NZ,2022-08-10 16:42:51,-43.5333,172.6333,39.9,75,75,8.05,broken clouds
641,Harper,LR,2022-08-10 16:44:55,4.375,-7.7169,76.3,76,98,10.49,overcast clouds
642,Samarai,PG,2022-08-10 16:44:56,-10.6167,150.6667,77.94,78,94,15.88,overcast clouds
643,Tuskegee,US,2022-08-10 16:44:56,32.424,-85.6916,84.13,100,100,5.01,overcast clouds
644,Sivaki,RU,2022-08-10 16:44:57,52.6333,126.75,51.98,98,100,5.7,overcast clouds
645,Biak,ID,2022-08-10 16:44:58,-0.9131,122.8766,75.29,90,90,5.95,overcast clouds
646,Miles City,US,2022-08-10 16:44:59,46.4083,-105.8406,77.97,47,0,10.36,clear sky
647,Tampere,FI,2022-08-10 16:45:00,61.4991,23.7871,71.17,55,0,12.66,clear sky
648,Cartagena Del Chaira,CO,2022-08-10 16:45:01,1.3349,-74.8429,78.35,75,96,3.91,overcast clouds
649,Angadanan,PH,2022-08-10 16:45:02,16.7553,121.7483,73.85,95,100,3.38,overcast clouds
650,Boissevain,CA,2022-08-10 16:44:08,49.2306,-100.0559,70.3,50,61,5.91,broken clouds
651,Caapucu,PY,2022-08-10 16:45:03,-26.2167,-57.2,62.42,56,81,6.15,broken clouds
652,San Cristobal,VE,2022-08-10 16:45:03,7.7669,-72.225,80.78,84,100,6.02,overcast clouds
653,Yeppoon,AU,2022-08-10 16:45:04,-23.1333,150.7333,56.98,84,27,10.25,scattered clouds
654,Valmiera,LV,2022-08-10 16:45:04,57.5411,25.4275,64.72,64,83,4.61,broken clouds
655,Xuddur,SO,2022-08-10 16:45:04,4.1213,43.8894,76.96,64,98,19.46,overcast clouds
656,Banda Aceh,ID,2022-08-10 16:45:05,5.5577,95.3222,79.07,82,77,10.74,broken clouds
657,Fomboni,KM,2022-08-10 16:45:05,-12.28,43.7425,76.03,72,2,13.18,clear sky
658,Whitehorse,CA,2022-08-10 16:41:16,60.7161,-135.0538,53.1,77,100,5.99,overcast clouds
659,Mayor Pablo Lagerenza,PY,2022-08-10 16:45:06,-19.9309,-60.7718,72.05,20,0,5.82,clear sky
660,Alihe,CN,2022-08-10 16:45:06,50.5667,123.7167,55.02,88,86,3.06,light rain
661,Acapulco,MX,2022-08-10 16:40:27,16.8634,-99.8901,80.42,78,100,3.44,overcast clouds
662,Padang,ID,2022-08-10 16:41:57,-0.9492,100.3543,77.79,84,53,3.44,broken clouds
663,Kanungu,UG,2022-08-10 16:45:07,-0.9575,29.7897,68.32,64,100,2.1,overcast clouds
664,Antalaha,MG,2022-08-10 16:45:08,-14.9003,50.2788,70.77,70,43,12.5,scattered clouds
665,Makat,KZ,2022-08-10 16:45:09,47.6469,53.3463,93.06,23,65,12.21,broken clouds
666,Knyaze-Volkonskoye,RU,2022-08-10 16:45:09,48.4642,135.4567,57.54,93,85,6.69,overcast clouds
667,Yining,CN,2022-08-10 16:45:09,29.0361,114.5636,80.74,68,100,2.51,overcast clouds
668,Qaqortoq,GL,2022-08-10 16:44:18,60.7167,-46.0333,46.81,64,98,4.36,overcast clouds
669,Mulanje,MW,2022-08-10 16:45:11,-16.0316,35.5,68.63,44,0,5.35,clear sky
670,Muros,ES,2022-08-10 16:45:11,42.7762,-9.0603,77.16,71,63,5.14,broken clouds
671,Soyaux,FR,2022-08-10 16:45:12,45.65,0.2,97.23,13,0,11.5,clear sky
672,Limbazi,LV,2022-08-10 16:45:12,57.5129,24.7194,62.8,68,97,4.07,overcast clouds
673,Golden,US,2022-08-10 16:43:04,39.7555,-105.2211,87.15,38,20,5.75,few clouds
674,Antigonish,CA,2022-08-10 16:45:13,45.6169,-61.9986,69.82,81,71,6.8,broken clouds
675,Morristown,US,2022-08-10 16:45:13,36.214,-83.2949,86.38,70,100,4.61,overcast clouds
676,Gwadar,PK,2022-08-10 16:45:14,25.1216,62.3254,83.95,83,100,7.9,overcast clouds
677,Sarkand,KZ,2022-08-10 16:45:15,45.41,79.9186,69.17,49,7,8.72,clear sky
678,Port-Cartier,CA,2022-08-10 16:45:16,50.0334,-66.8654,64.74,60,0,9.89,clear sky
679,Bida,NG,2022-08-10 16:45:16,9.0833,6.0167,80.85,79,100,4.21,light rain
680,Marau,BR,2022-08-10 16:45:17,-28.4492,-52.2,49.95,91,100,10.13,overcast clouds
681,Huarmey,PE,2022-08-10 16:45:18,-10.0681,-78.1522,67.82,68,45,10.18,scattered clouds
682,Halden,NO,2022-08-10 16:45:18,59.1226,11.3871,70.23,77,39,13.04,scattered clouds
683,San Policarpo,PH,2022-08-10 16:45:19,12.1791,125.5072,77.68,88,61,4.05,broken clouds
684,Coquimbo,CL,2022-08-10 16:42:00,-29.9533,-71.3436,53.33,93,75,16.11,broken clouds
685,Cap Malheureux,MU,2022-08-10 16:45:19,-19.9842,57.6142,70.47,57,40,11.99,scattered clouds
